date,open,close
2026-01-01,09:15,15:30
2026-01-02,09:15,15:30
2026-01-05,09:15,15:30
2026-01-06,09:15,15:30
2026-01-07,09:15,15:30
2026-01-08,09:15,15:30
2026-01-09,09:15,15:30
2026-01-12,09:15,15:30
2026-01-13,09:15,15:30
2026-01-14,09:15,15:30
2026-01-16,09:15,15:30
2026-01-19,09:15,15:30
2026-01-20,09:15,15:30
2026-01-21,09:15,15:30
2026-01-22,09:15,15:30
2026-01-23,09:15,15:30
2026-01-27,09:15,15:30
2026-01-28,09:15,15:30
2026-01-29,09:15,15:30
2026-01-30,09:15,15:30
2026-02-02,09:15,15:30
2026-02-03,09:15,15:30
2026-02-04,09:15,15:30
2026-02-05,09:15,15:30
2026-02-06,09:15,15:30
2026-02-09,09:15,15:30
2026-02-10,09:15,15:30
2026-02-11,09:15,15:30
2026-02-12,09:15,15:30
2026-02-13,09:15,15:30
2026-02-16,09:15,15:30
2026-02-17,09:15,15:30
2026-02-18,09:15,15:30
2026-02-19,09:15,15:30
2026-02-20,09:15,15:30
2026-02-23,09:15,15:30
2026-02-24,09:15,15:30
2026-02-25,09:15,15:30
2026-02-26,09:15,15:30
2026-02-27,09:15,15:30
2026-03-02,09:15,15:30
2026-03-04,09:15,15:30
2026-03-05,09:15,15:30
2026-03-06,09:15,15:30
2026-03-09,09:15,15:30
2026-03-10,09:15,15:30
2026-03-11,09:15,15:30
2026-03-12,09:15,15:30
2026-03-13,09:15,15:30
2026-03-16,09:15,15:30
2026-03-17,09:15,15:30
2026-03-18,09:15,15:30
2026-03-19,09:15,15:30
2026-03-20,09:15,15:30
2026-03-23,09:15,15:30
2026-03-24,09:15,15:30
2026-03-25,09:15,15:30
2026-03-27,09:15,15:30
2026-03-30,09:15,15:30
2026-04-01,09:15,15:30
2026-04-02,09:15,15:30
2026-04-06,09:15,15:30
2026-04-07,09:15,15:30
2026-04-08,09:15,15:30
2026-04-09,09:15,15:30
2026-04-10,09:15,15:30
2026-04-13,09:15,15:30
2026-04-15,09:15,15:30
2026-04-16,09:15,15:30
2026-04-17,09:15,15:30
2026-04-20,09:15,15:30
2026-04-21,09:15,15:30
2026-04-22,09:15,15:30
2026-04-23,09:15,15:30
2026-04-24,09:15,15:30
2026-04-27,09:15,15:30
2026-04-28,09:15,15:30
2026-04-29,09:15,15:30
2026-04-30,09:15,15:30
2026-05-04,09:15,15:30
2026-05-05,09:15,15:30
2026-05-06,09:15,15:30
2026-05-07,09:15,15:30
2026-05-08,09:15,15:30
2026-05-11,09:15,15:30
2026-05-12,09:15,15:30
2026-05-13,09:15,15:30
2026-05-14,09:15,15:30
2026-05-15,09:15,15:30
2026-05-18,09:15,15:30
2026-05-19,09:15,15:30
2026-05-20,09:15,15:30
2026-05-21,09:15,15:30
2026-05-22,09:15,15:30
2026-05-25,09:15,15:30
2026-05-26,09:15,15:30
2026-05-27,09:15,15:30
2026-05-29,09:15,15:30
2026-06-01,09:15,15:30
2026-06-02,09:15,15:30
2026-06-03,09:15,15:30
2026-06-04,09:15,15:30
2026-06-05,09:15,15:30
2026-06-08,09:15,15:30
2026-06-09,09:15,15:30
2026-06-10,09:15,15:30
2026-06-11,09:15,15:30
2026-06-12,09:15,15:30
2026-06-15,09:15,15:30
2026-06-16,09:15,15:30
2026-06-17,09:15,15:30
2026-06-18,09:15,15:30
2026-06-19,09:15,15:30
2026-06-22,09:15,15:30
2026-06-23,09:15,15:30
2026-06-24,09:15,15:30
2026-06-25,09:15,15:30
2026-06-29,09:15,15:30
2026-06-30,09:15,15:30
2026-07-01,09:15,15:30
2026-07-02,09:15,15:30
2026-07-03,09:15,15:30
2026-07-06,09:15,15:30
2026-07-07,09:15,15:30
2026-07-08,09:15,15:30
2026-07-09,09:15,15:30
2026-07-10,09:15,15:30
2026-07-13,09:15,15:30
2026-07-14,09:15,15:30
2026-07-15,09:15,15:30
2026-07-16,09:15,15:30
2026-07-17,09:15,15:30
2026-07-20,09:15,15:30
2026-07-21,09:15,15:30
2026-07-22,09:15,15:30
2026-07-23,09:15,15:30
2026-07-24,09:15,15:30
2026-07-27,09:15,15:30
2026-07-28,09:15,15:30
2026-07-29,09:15,15:30
2026-07-30,09:15,15:30
2026-07-31,09:15,15:30
2026-08-03,09:15,15:30
2026-08-04,09:15,15:30
2026-08-05,09:15,15:30
2026-08-06,09:15,15:30
2026-08-07,09:15,15:30
2026-08-10,09:15,15:30
2026-08-11,09:15,15:30
2026-08-12,09:15,15:30
2026-08-13,09:15,15:30
2026-08-14,09:15,15:30
2026-08-17,09:15,15:30
2026-08-18,09:15,15:30
2026-08-19,09:15,15:30
2026-08-20,09:15,15:30
2026-08-21,09:15,15:30
2026-08-24,09:15,15:30
2026-08-25,09:15,15:30
2026-08-26,09:15,15:30
2026-08-27,09:15,15:30
2026-08-28,09:15,15:30
2026-08-31,09:15,15:30
2026-09-01,09:15,15:30
2026-09-02,09:15,15:30
2026-09-03,09:15,15:30
2026-09-04,09:15,15:30
2026-09-07,09:15,15:30
2026-09-08,09:15,15:30
2026-09-09,09:15,15:30
2026-09-10,09:15,15:30
2026-09-11,09:15,15:30
2026-09-15,09:15,15:30
2026-09-16,09:15,15:30
2026-09-17,09:15,15:30
2026-09-18,09:15,15:30
2026-09-21,09:15,15:30
2026-09-22,09:15,15:30
2026-09-23,09:15,15:30
2026-09-24,09:15,15:30
2026-09-25,09:15,15:30
2026-09-28,09:15,15:30
2026-09-29,09:15,15:30
2026-09-30,09:15,15:30
2026-10-01,09:15,15:30
2026-10-05,09:15,15:30
2026-10-06,09:15,15:30
2026-10-07,09:15,15:30
2026-10-08,09:15,15:30
2026-10-09,09:15,15:30
2026-10-12,09:15,15:30
2026-10-13,09:15,15:30
2026-10-14,09:15,15:30
2026-10-15,09:15,15:30
2026-10-16,09:15,15:30
2026-10-19,09:15,15:30
2026-10-21,09:15,15:30
2026-10-22,09:15,15:30
2026-10-23,09:15,15:30
2026-10-26,09:15,15:30
2026-10-27,09:15,15:30
2026-10-28,09:15,15:30
2026-10-29,09:15,15:30
2026-10-30,09:15,15:30
2026-11-02,09:15,15:30
2026-11-03,09:15,15:30
2026-11-04,09:15,15:30
2026-11-05,09:15,15:30
2026-11-06,09:15,15:30
2026-11-09,09:15,15:30
2026-11-11,09:15,15:30
2026-11-12,09:15,15:30
2026-11-13,09:15,15:30
2026-11-16,09:15,15:30
2026-11-17,09:15,15:30
2026-11-18,09:15,15:30
2026-11-19,09:15,15:30
2026-11-20,09:15,15:30
2026-11-23,09:15,15:30
2026-11-25,09:15,15:30
2026-11-26,09:15,15:30
2026-11-27,09:15,15:30
2026-11-30,09:15,15:30
2026-12-01,09:15,15:30
2026-12-02,09:15,15:30
2026-12-03,09:15,15:30
2026-12-04,09:15,15:30
2026-12-07,09:15,15:30
2026-12-08,09:15,15:30
2026-12-09,09:15,15:30
2026-12-10,09:15,15:30
2026-12-11,09:15,15:30
2026-12-14,09:15,15:30
2026-12-15,09:15,15:30
2026-12-16,09:15,15:30
2026-12-17,09:15,15:30
2026-12-18,09:15,15:30
2026-12-21,09:15,15:30
2026-12-22,09:15,15:30
2026-12-23,09:15,15:30
2026-12-24,09:15,15:30
2026-12-28,09:15,15:30
2026-12-29,09:15,15:30
2026-12-30,09:15,15:30
2026-12-31,09:15,15:30
