timestamp,instrument,open,high,low,close,volume
2026-09-07T09:15:00+05:30,NSE:DEMO,100,101,99,100,10000
2026-09-07T09:16:00+05:30,NSE:DEMO,100,101,99,100,10000
2026-09-07T09:17:00+05:30,NSE:DEMO,100,101,99,100,10000
2026-09-07T09:18:00+05:30,NSE:DEMO,100,101,99,100,10000
2026-09-07T09:19:00+05:30,NSE:DEMO,100,101,99,100,10000
2026-09-07T09:20:00+05:30,NSE:DEMO,100,101,99,100,10000
2026-09-07T09:21:00+05:30,NSE:DEMO,100,101,99,100,10000
2026-09-07T09:22:00+05:30,NSE:DEMO,100,101,99,100,10000
2026-09-07T09:23:00+05:30,NSE:DEMO,100,101,99,100,10000
2026-09-07T09:24:00+05:30,NSE:DEMO,100,101,99,100,10000
2026-09-07T09:25:00+05:30,NSE:DEMO,100,101,99,100,10000
2026-09-07T09:26:00+05:30,NSE:DEMO,100,101,99,100,10000
2026-09-07T09:27:00+05:30,NSE:DEMO,100,101,99,100,10000
2026-09-07T09:28:00+05:30,NSE:DEMO,100,101,99,100,10000
2026-09-07T09:29:00+05:30,NSE:DEMO,100,101,99,100,10000
2026-09-07T09:30:00+05:30,NSE:DEMO,100,102,100,102,10000
2026-09-07T09:31:00+05:30,NSE:DEMO,102,108,101,107,10000
2026-09-07T09:32:00+05:30,NSE:DEMO,102,108,101,107,10000
2026-09-07T09:33:00+05:30,NSE:DEMO,102,108,101,107,10000
2026-09-07T09:34:00+05:30,NSE:DEMO,102,108,101,107,10000
2026-09-07T09:35:00+05:30,NSE:DEMO,102,108,101,107,10000
2026-09-07T09:36:00+05:30,NSE:DEMO,102,108,101,107,10000
2026-09-07T09:37:00+05:30,NSE:DEMO,102,108,101,107,10000
2026-09-07T09:38:00+05:30,NSE:DEMO,102,108,101,107,10000
2026-09-07T09:39:00+05:30,NSE:DEMO,102,108,101,107,10000
2026-09-07T09:40:00+05:30,NSE:DEMO,102,108,101,107,10000
2026-09-07T09:41:00+05:30,NSE:DEMO,102,108,101,107,10000
2026-09-07T09:42:00+05:30,NSE:DEMO,102,108,101,107,10000
2026-09-07T09:43:00+05:30,NSE:DEMO,102,108,101,107,10000
2026-09-07T09:44:00+05:30,NSE:DEMO,102,108,101,107,10000
2026-09-07T09:45:00+05:30,NSE:DEMO,102,108,101,107,10000
2026-09-07T09:46:00+05:30,NSE:DEMO,102,108,101,107,10000
2026-09-07T09:47:00+05:30,NSE:DEMO,102,108,101,107,10000
2026-09-07T09:48:00+05:30,NSE:DEMO,102,108,101,107,10000
2026-09-07T09:49:00+05:30,NSE:DEMO,102,108,101,107,10000
2026-09-07T09:50:00+05:30,NSE:DEMO,102,108,101,107,10000
2026-09-07T09:51:00+05:30,NSE:DEMO,102,108,101,107,10000
2026-09-07T09:52:00+05:30,NSE:DEMO,102,108,101,107,10000
2026-09-07T09:53:00+05:30,NSE:DEMO,102,108,101,107,10000
2026-09-07T09:54:00+05:30,NSE:DEMO,102,108,101,107,10000
2026-09-07T09:55:00+05:30,NSE:DEMO,102,108,101,107,10000
2026-09-07T09:56:00+05:30,NSE:DEMO,102,108,101,107,10000
2026-09-07T09:57:00+05:30,NSE:DEMO,102,108,101,107,10000
2026-09-07T09:58:00+05:30,NSE:DEMO,102,108,101,107,10000
2026-09-07T09:59:00+05:30,NSE:DEMO,102,108,101,107,10000
2026-09-07T10:00:00+05:30,NSE:DEMO,102,108,101,107,10000
2026-09-07T10:01:00+05:30,NSE:DEMO,102,108,101,107,10000
2026-09-07T10:02:00+05:30,NSE:DEMO,102,108,101,107,10000
2026-09-07T10:03:00+05:30,NSE:DEMO,102,108,101,107,10000
2026-09-07T10:04:00+05:30,NSE:DEMO,102,108,101,107,10000
2026-09-07T10:05:00+05:30,NSE:DEMO,102,108,101,107,10000
2026-09-07T10:06:00+05:30,NSE:DEMO,102,108,101,107,10000
2026-09-07T10:07:00+05:30,NSE:DEMO,102,108,101,107,10000
2026-09-07T10:08:00+05:30,NSE:DEMO,102,108,101,107,10000
2026-09-07T10:09:00+05:30,NSE:DEMO,102,108,101,107,10000
2026-09-07T10:10:00+05:30,NSE:DEMO,102,108,101,107,10000
2026-09-07T10:11:00+05:30,NSE:DEMO,102,108,101,107,10000
2026-09-07T10:12:00+05:30,NSE:DEMO,102,108,101,107,10000
2026-09-07T10:13:00+05:30,NSE:DEMO,102,108,101,107,10000
2026-09-07T10:14:00+05:30,NSE:DEMO,102,108,101,107,10000
2026-09-07T10:15:00+05:30,NSE:DEMO,102,108,101,107,10000
2026-09-07T10:16:00+05:30,NSE:DEMO,102,108,101,107,10000
2026-09-07T10:17:00+05:30,NSE:DEMO,102,108,101,107,10000
2026-09-08T09:15:00+05:30,NSE:DEMO,100,101,99,100,10000
2026-09-08T09:16:00+05:30,NSE:DEMO,100,101,99,100,10000
2026-09-08T09:17:00+05:30,NSE:DEMO,100,101,99,100,10000
2026-09-08T09:18:00+05:30,NSE:DEMO,100,101,99,100,10000
2026-09-08T09:19:00+05:30,NSE:DEMO,100,101,99,100,10000
2026-09-08T09:20:00+05:30,NSE:DEMO,100,101,99,100,10000
2026-09-08T09:21:00+05:30,NSE:DEMO,100,101,99,100,10000
2026-09-08T09:22:00+05:30,NSE:DEMO,100,101,99,100,10000
2026-09-08T09:23:00+05:30,NSE:DEMO,100,101,99,100,10000
2026-09-08T09:24:00+05:30,NSE:DEMO,100,101,99,100,10000
2026-09-08T09:25:00+05:30,NSE:DEMO,100,101,99,100,10000
2026-09-08T09:26:00+05:30,NSE:DEMO,100,101,99,100,10000
2026-09-08T09:27:00+05:30,NSE:DEMO,100,101,99,100,10000
2026-09-08T09:28:00+05:30,NSE:DEMO,100,101,99,100,10000
2026-09-08T09:29:00+05:30,NSE:DEMO,100,101,99,100,10000
2026-09-08T09:30:00+05:30,NSE:DEMO,100,102,100,102,10000
2026-09-08T09:31:00+05:30,NSE:DEMO,102,103,98,99,10000
2026-09-08T09:32:00+05:30,NSE:DEMO,102,103,98,99,10000
2026-09-08T09:33:00+05:30,NSE:DEMO,102,103,98,99,10000
2026-09-08T09:34:00+05:30,NSE:DEMO,102,103,98,99,10000
2026-09-08T09:35:00+05:30,NSE:DEMO,102,103,98,99,10000
2026-09-08T09:36:00+05:30,NSE:DEMO,102,103,98,99,10000
2026-09-08T09:37:00+05:30,NSE:DEMO,102,103,98,99,10000
2026-09-08T09:38:00+05:30,NSE:DEMO,102,103,98,99,10000
2026-09-08T09:39:00+05:30,NSE:DEMO,102,103,98,99,10000
2026-09-08T09:40:00+05:30,NSE:DEMO,102,103,98,99,10000
2026-09-08T09:41:00+05:30,NSE:DEMO,102,103,98,99,10000
2026-09-08T09:42:00+05:30,NSE:DEMO,102,103,98,99,10000
2026-09-08T09:43:00+05:30,NSE:DEMO,102,103,98,99,10000
2026-09-08T09:44:00+05:30,NSE:DEMO,102,103,98,99,10000
2026-09-08T09:45:00+05:30,NSE:DEMO,102,103,98,99,10000
2026-09-08T09:46:00+05:30,NSE:DEMO,102,103,98,99,10000
2026-09-08T09:47:00+05:30,NSE:DEMO,102,103,98,99,10000
2026-09-08T09:48:00+05:30,NSE:DEMO,102,103,98,99,10000
2026-09-08T09:49:00+05:30,NSE:DEMO,102,103,98,99,10000
2026-09-08T09:50:00+05:30,NSE:DEMO,102,103,98,99,10000
2026-09-08T09:51:00+05:30,NSE:DEMO,102,103,98,99,10000
2026-09-08T09:52:00+05:30,NSE:DEMO,102,103,98,99,10000
2026-09-08T09:53:00+05:30,NSE:DEMO,102,103,98,99,10000
2026-09-08T09:54:00+05:30,NSE:DEMO,102,103,98,99,10000
2026-09-08T09:55:00+05:30,NSE:DEMO,102,103,98,99,10000
2026-09-08T09:56:00+05:30,NSE:DEMO,102,103,98,99,10000
2026-09-08T09:57:00+05:30,NSE:DEMO,102,103,98,99,10000
2026-09-08T09:58:00+05:30,NSE:DEMO,102,103,98,99,10000
2026-09-08T09:59:00+05:30,NSE:DEMO,102,103,98,99,10000
2026-09-08T10:00:00+05:30,NSE:DEMO,102,103,98,99,10000
2026-09-08T10:01:00+05:30,NSE:DEMO,102,103,98,99,10000
2026-09-08T10:02:00+05:30,NSE:DEMO,102,103,98,99,10000
2026-09-08T10:03:00+05:30,NSE:DEMO,102,103,98,99,10000
2026-09-08T10:04:00+05:30,NSE:DEMO,102,103,98,99,10000
2026-09-08T10:05:00+05:30,NSE:DEMO,102,103,98,99,10000
2026-09-08T10:06:00+05:30,NSE:DEMO,102,103,98,99,10000
2026-09-08T10:07:00+05:30,NSE:DEMO,102,103,98,99,10000
2026-09-08T10:08:00+05:30,NSE:DEMO,102,103,98,99,10000
2026-09-08T10:09:00+05:30,NSE:DEMO,102,103,98,99,10000
2026-09-08T10:10:00+05:30,NSE:DEMO,102,103,98,99,10000
2026-09-08T10:11:00+05:30,NSE:DEMO,102,103,98,99,10000
2026-09-08T10:12:00+05:30,NSE:DEMO,102,103,98,99,10000
2026-09-08T10:13:00+05:30,NSE:DEMO,102,103,98,99,10000
2026-09-08T10:14:00+05:30,NSE:DEMO,102,103,98,99,10000
2026-09-08T10:15:00+05:30,NSE:DEMO,102,103,98,99,10000
2026-09-08T10:16:00+05:30,NSE:DEMO,102,103,98,99,10000
2026-09-08T10:17:00+05:30,NSE:DEMO,102,103,98,99,10000
